{
  "accuracy": [
    0.4219783842563629,
    0.47240138053894043,
    0.48705920577049255,
    0.4966915249824524,
    0.5055699944496155,
    0.5098416805267334,
    0.5140296220779419,
    0.5257559418678284,
    0.5291063189506531,
    0.5335454940795898,
    0.5328754782676697,
    0.5329592227935791,
    0.5392411351203918,
    0.543596625328064,
    0.5528101325035095,
    0.5366446375846863,
    0.5520563125610352,
    0.5495434999465942,
    0.5559929609298706,
    0.5553228855133057,
    0.5507161617279053,
    0.5662115812301636,
    0.5714046359062195,
    0.5647039413452148,
    0.5657089948654175,
    0.572242259979248,
    0.571739673614502,
    0.576513946056366
  ],
  "loss": [
    1.9906355142593384,
    1.557142972946167,
    1.4427860975265503,
    1.3735356330871582,
    1.3284544944763184,
    1.2937448024749756,
    1.259602427482605,
    1.233900547027588,
    1.2080422639846802,
    1.189923644065857,
    1.1728806495666504,
    1.1847208738327026,
    1.1649543046951294,
    1.1574865579605103,
    1.1387513875961304,
    1.1531423330307007,
    1.1211155652999878,
    1.1167320013046265,
    1.1228082180023193,
    1.1164276599884033,
    1.1258492469787598,
    1.086326003074646,
    1.0706660747528076,
    1.0724296569824219,
    1.0653566122055054,
    1.0576726198196411,
    1.0514434576034546,
    1.045684814453125
  ],
  "val_accuracy": [
    0.5075376629829407,
    0.5118090510368347,
    0.5130653381347656,
    0.5002512335777283,
    0.5251256227493286,
    0.5221105813980103,
    0.49321606755256653,
    0.47638189792633057,
    0.5248743891716003,
    0.5087939500808716,
    0.5226130485534668,
    0.5276381969451904,
    0.5522612929344177,
    0.504020094871521,
    0.4693467319011688,
    0.4952261447906494,
    0.5042713284492493,
    0.4846733808517456,
    0.47160804271698,
    0.5075376629829407,
    0.5125628113746643,
    0.491959810256958,
    0.49824121594429016,
    0.5015075206756592,
    0.4786432087421417,
    0.475628137588501,
    0.48567840456962585,
    0.47185930609703064
  ],
  "val_loss": [
    1.521665096282959,
    1.4007595777511597,
    1.3225914239883423,
    1.3252387046813965,
    1.2442020177841187,
    1.2106832265853882,
    1.2482503652572632,
    1.2810602188110352,
    1.1853429079055786,
    1.241700291633606,
    1.1836802959442139,
    1.189243197441101,
    1.1745151281356812,
    1.2151128053665161,
    1.2850205898284912,
    1.22138512134552,
    1.208893060684204,
    1.226280689239502,
    1.2840921878814697,
    1.2000641822814941,
    1.2257150411605835,
    1.2291345596313477,
    1.205005168914795,
    1.2251572608947754,
    1.253530740737915,
    1.2664862871170044,
    1.2491366863250732,
    1.2849963903427124
  ],
  "learning_rate": [
    0.0010000000474974513,
    0.0010000000474974513,
    0.0010000000474974513,
    0.0010000000474974513,
    0.0010000000474974513,
    0.0010000000474974513,
    0.0010000000474974513,
    0.0010000000474974513,
    0.0010000000474974513,
    0.0010000000474974513,
    0.0010000000474974513,
    0.0010000000474974513,
    0.0010000000474974513,
    0.0010000000474974513,
    0.0010000000474974513,
    0.0010000000474974513,
    0.0010000000474974513,
    0.0010000000474974513,
    0.0010000000474974513,
    0.0010000000474974513,
    0.0010000000474974513,
    0.0005000000237487257,
    0.0005000000237487257,
    0.0005000000237487257,
    0.0005000000237487257,
    0.0005000000237487257,
    0.0005000000237487257,
    0.0005000000237487257
  ]
}