{
  "accuracy": [
    0.05193064734339714,
    0.05000418797135353,
    0.054359663277864456,
    0.052851997315883636,
    0.05142809450626373,
    0.04933411628007889,
    0.049836669117212296,
    0.0489153191447258,
    0.05276823788881302,
    0.050590500235557556,
    0.04958539083600044,
    0.050674259662628174,
    0.05310327559709549,
    0.050171706825494766,
    0.05117681622505188,
    0.0536058284342289,
    0.05452717840671539,
    0.05318703502416611,
    0.05109305679798126,
    0.05184688791632652,
    0.05193064734339714,
    0.056704916059970856,
    0.05352206900715828,
    0.054862216114997864,
    0.05234944447875023,
    0.05260071903467178,
    0.055616047233343124,
    0.05159560963511467,
    0.05494597554206848,
    0.05528101325035095,
    0.05511349439620972,
    0.054024625569581985,
    0.052181925624608994,
    0.05653739720582962,
    0.054862216114997864,
    0.055616047233343124,
    0.05653739720582962,
    0.057123713195323944,
    0.05578356608748436,
    0.05544852837920189,
    0.0597202442586422,
    0.05829634144902229,
    0.05620236322283745,
    0.05804506316781044,
    0.05729123204946518,
    0.05729123204946518,
    0.058631375432014465,
    0.05653739720582962,
    0.05871513485908508,
    0.060139041393995285
  ],
  "loss": [
    3.390247106552124,
    3.2428574562072754,
    3.1612751483917236,
    3.107481002807617,
    3.078190803527832,
    3.0584073066711426,
    3.043694496154785,
    3.0321760177612305,
    3.023033857345581,
    3.0187466144561768,
    3.0152432918548584,
    3.0122203826904297,
    3.010641098022461,
    3.008861541748047,
    3.0068812370300293,
    3.004920244216919,
    3.0041065216064453,
    3.0032029151916504,
    3.002037286758423,
    3.0014939308166504,
    3.001865863800049,
    3.000868082046509,
    3.0013742446899414,
    3.0001537799835205,
    2.999361991882324,
    2.999490261077881,
    2.999849557876587,
    3.0005600452423096,
    2.9994311332702637,
    2.9999401569366455,
    2.9986674785614014,
    2.9986729621887207,
    2.9991042613983154,
    2.9970781803131104,
    2.996209144592285,
    2.9957516193389893,
    2.9956324100494385,
    2.995976209640503,
    2.9962244033813477,
    2.996062755584717,
    2.995008707046509,
    2.9955692291259766,
    2.9957358837127686,
    2.9946043491363525,
    2.993853807449341,
    2.994091272354126,
    2.9939324855804443,
    2.993295431137085,
    2.993842124938965,
    2.9935717582702637
  ],
  "val_accuracy": [
    0.04673366993665695,
    0.05150753632187843,
    0.05000000074505806,
    0.048241205513477325,
    0.043467335402965546,
    0.050753768533468246,
    0.04874371737241745,
    0.04522613063454628,
    0.04547738656401634,
    0.04422110691666603,
    0.050502512603998184,
    0.05100502446293831,
    0.04899497330188751,
    0.045728642493486404,
    0.05452261492609978,
    0.04874371737241745,
    0.05100502446293831,
    0.04748743772506714,
    0.0477386936545372,
    0.04899497330188751,
    0.045728642493486404,
    0.0477386936545372,
    0.04798994958400726,
    0.05025125667452812,
    0.05376884341239929,
    0.054020099341869354,
    0.052010051906108856,
    0.047236181795597076,
    0.050502512603998184,
    0.04195979982614517,
    0.049748744815588,
    0.050502512603998184,
    0.043467335402965546,
    0.04597989842295647,
    0.04798994958400726,
    0.048241205513477325,
    0.052010051906108856,
    0.05276381969451904,
    0.05477387085556984,
    0.046984925866127014,
    0.051758792251348495,
    0.04321607947349548,
    0.04497487470507622,
    0.04899497330188751,
    0.04924623295664787,
    0.05000000074505806,
    0.050502512603998184,
    0.05000000074505806,
    0.049497488886117935,
    0.051758792251348495
  ],
  "val_loss": [
    3.2329039573669434,
    3.16111421585083,
    3.1141886711120605,
    3.0812947750091553,
    3.0596108436584473,
    3.040893316268921,
    3.0328097343444824,
    3.0256261825561523,
    3.0224785804748535,
    3.016676187515259,
    3.0183913707733154,
    3.0140910148620605,
    3.0114502906799316,
    3.010915994644165,
    3.007844924926758,
    3.007291555404663,
    3.0059714317321777,
    3.0049397945404053,
    3.0049245357513428,
    3.0041093826293945,
    3.0045530796051025,
    3.0032382011413574,
    3.003617525100708,
    3.0014686584472656,
    3.001276969909668,
    3.0027894973754883,
    3.0030550956726074,
    3.0028769969940186,
    3.004451036453247,
    3.0025811195373535,
    3.001962661743164,
    3.0016489028930664,
    3.003641366958618,
    3.0008955001831055,
    3.0001626014709473,
    3.0007636547088623,
    3.000802516937256,
    3.0019772052764893,
    3.0018997192382812,
    3.0012431144714355,
    3.0014541149139404,
    3.0021512508392334,
    3.001371145248413,
    3.001715898513794,
    3.0016062259674072,
    3.0010852813720703,
    3.0013484954833984,
    3.0023112297058105,
    3.0019099712371826,
    3.0015671253204346
  ],
  "learning_rate": [
    0.0010000000474974513,
    0.0010000000474974513,
    0.0010000000474974513,
    0.0010000000474974513,
    0.0010000000474974513,
    0.0010000000474974513,
    0.0010000000474974513,
    0.0010000000474974513,
    0.0010000000474974513,
    0.0010000000474974513,
    0.0010000000474974513,
    0.0010000000474974513,
    0.0010000000474974513,
    0.0010000000474974513,
    0.0010000000474974513,
    0.0010000000474974513,
    0.0010000000474974513,
    0.0010000000474974513,
    0.0010000000474974513,
    0.0010000000474974513,
    0.0010000000474974513,
    0.0010000000474974513,
    0.0010000000474974513,
    0.0010000000474974513,
    0.0010000000474974513,
    0.0010000000474974513,
    0.0010000000474974513,
    0.0010000000474974513,
    0.0010000000474974513,
    0.0010000000474974513,
    0.0010000000474974513,
    0.0010000000474974513,
    0.0010000000474974513,
    0.0005000000237487257,
    0.0005000000237487257,
    0.0005000000237487257,
    0.0005000000237487257,
    0.0005000000237487257,
    0.0005000000237487257,
    0.0005000000237487257,
    0.0005000000237487257,
    0.0005000000237487257,
    0.0005000000237487257,
    0.0002500000118743628,
    0.0002500000118743628,
    0.0002500000118743628,
    0.0002500000118743628,
    0.0002500000118743628,
    0.0002500000118743628,
    0.0002500000118743628
  ]
}