{
  "accuracy": [
    0.04816148802638054,
    0.053270794451236725,
    0.048747800290584564,
    0.04958539083600044,
    0.04966915026307106,
    0.05318703502416611,
    0.047910209745168686,
    0.051763128489255905,
    0.049082837998867035,
    0.055951084941625595,
    0.04925035685300827,
    0.04883155971765518,
    0.048747800290584564,
    0.05427590385079384,
    0.05310327559709549,
    0.05008794739842415,
    0.051344335079193115,
    0.053270794451236725,
    0.052516959607601166,
    0.054024625569581985,
    0.05159560963511467,
    0.05461093783378601,
    0.05494597554206848,
    0.051344335079193115,
    0.05377334728837013,
    0.050255466252565384,
    0.05092553794384003,
    0.05042298510670662,
    0.05377334728837013,
    0.052935756742954254,
    0.05109305679798126,
    0.05260071903467178,
    0.049836669117212296,
    0.054024625569581985,
    0.05452717840671539,
    0.05075801908969879,
    0.05201440677046776,
    0.0536058284342289,
    0.05662115663290024,
    0.05494597554206848,
    0.05544852837920189,
    0.054359663277864456,
    0.056286122649908066,
    0.05812882259488106,
    0.05511349439620972,
    0.056369882076978683,
    0.05762626603245735,
    0.05846385657787323,
    0.057123713195323944,
    0.05771002545952797,
    0.05779378488659859,
    0.05838009715080261,
    0.05762626603245735,
    0.058212582021951675,
    0.05729123204946518,
    0.06030655652284622,
    0.05779378488659859,
    0.05779378488659859,
    0.05771002545952797,
    0.05854761600494385,
    0.06039031594991684,
    0.059050172567367554,
    0.058966413140296936,
    0.0634894073009491,
    0.06047407537698746,
    0.06156294420361519,
    0.06080911308526993,
    0.05603484436869621,
    0.05930145084857941,
    0.06298685073852539,
    0.059385206550359726,
    0.059385206550359726,
    0.059804003685712814
  ],
  "loss": [
    3.3941824436187744,
    3.2466585636138916,
    3.1733028888702393,
    3.11731219291687,
    3.079531669616699,
    3.0569469928741455,
    3.04459547996521,
    3.0330023765563965,
    3.0271098613739014,
    3.0207598209381104,
    3.0157198905944824,
    3.013307571411133,
    3.0091726779937744,
    3.0078237056732178,
    3.006610870361328,
    3.0040061473846436,
    3.0026326179504395,
    3.0034236907958984,
    3.0025081634521484,
    3.0014264583587646,
    3.000903606414795,
    3.0019752979278564,
    3.001720666885376,
    3.001150369644165,
    3.0005178451538086,
    3.001075506210327,
    3.0009958744049072,
    3.0006725788116455,
    3.000154495239258,
    2.999737501144409,
    2.9998042583465576,
    2.9990625381469727,
    2.999387502670288,
    2.9983999729156494,
    2.9993069171905518,
    2.9988181591033936,
    2.998471736907959,
    2.9979910850524902,
    2.9966001510620117,
    2.996917963027954,
    2.9969828128814697,
    2.996607780456543,
    2.99613881111145,
    2.99625563621521,
    2.996708869934082,
    2.996206283569336,
    2.9951422214508057,
    2.9952969551086426,
    2.995283603668213,
    2.9947211742401123,
    2.9947383403778076,
    2.995007276535034,
    2.9950144290924072,
    2.9947617053985596,
    2.9951276779174805,
    2.9942123889923096,
    2.9941139221191406,
    2.994586706161499,
    2.9942398071289062,
    2.993788003921509,
    2.993891716003418,
    2.9944045543670654,
    2.9939773082733154,
    2.99337100982666,
    2.9928226470947266,
    2.993304491043091,
    2.993439197540283,
    2.993813991546631,
    2.992642402648926,
    2.9933922290802,
    2.99311900138855,
    2.9926600456237793,
    2.99330997467041
  ],
  "val_accuracy": [
    0.05125628039240837,
    0.04924623295664787,
    0.05025125667452812,
    0.05829145759344101,
    0.05025125667452812,
    0.045728642493486404,
    0.046984925866127014,
    0.04874371737241745,
    0.05477387085556984,
    0.04748743772506714,
    0.046984925866127014,
    0.05100502446293831,
    0.04497487470507622,
    0.05100502446293831,
    0.045728642493486404,
    0.04371859133243561,
    0.049748744815588,
    0.05477387085556984,
    0.050753768533468246,
    0.05351758748292923,
    0.04874371737241745,
    0.053015075623989105,
    0.04924623295664787,
    0.0477386936545372,
    0.04924623295664787,
    0.05276381969451904,
    0.04597989842295647,
    0.05276381969451904,
    0.051758792251348495,
    0.053015075623989105,
    0.050502512603998184,
    0.049748744815588,
    0.051758792251348495,
    0.04874371737241745,
    0.04673366993665695,
    0.05276381969451904,
    0.05326633155345917,
    0.05150753632187843,
    0.05125628039240837,
    0.050502512603998184,
    0.04874371737241745,
    0.051758792251348495,
    0.055276382714509964,
    0.054271355271339417,
    0.050753768533468246,
    0.05125628039240837,
    0.05150753632187843,
    0.04924623295664787,
    0.05251256376504898,
    0.04924623295664787,
    0.048241205513477325,
    0.05025125667452812,
    0.049497488886117935,
    0.05000000074505806,
    0.04849246144294739,
    0.05025125667452812,
    0.05125628039240837,
    0.051758792251348495,
    0.048241205513477325,
    0.05000000074505806,
    0.04924623295664787,
    0.051758792251348495,
    0.04748743772506714,
    0.049497488886117935,
    0.05150753632187843,
    0.049497488886117935,
    0.050502512603998184,
    0.052010051906108856,
    0.05276381969451904,
    0.050753768533468246,
    0.05025125667452812,
    0.05000000074505806,
    0.05226130783557892
  ],
  "val_loss": [
    3.232426881790161,
    3.1656887531280518,
    3.1137733459472656,
    3.0792617797851562,
    3.05977725982666,
    3.044455051422119,
    3.033189058303833,
    3.029066801071167,
    3.0217480659484863,
    3.0165252685546875,
    3.014277696609497,
    3.0116333961486816,
    3.009608268737793,
    3.0061521530151367,
    3.0076282024383545,
    3.004866600036621,
    3.0037834644317627,
    3.0027072429656982,
    3.002133846282959,
    3.00374698638916,
    3.001403570175171,
    3.003164052963257,
    3.0017831325531006,
    3.0018675327301025,
    3.002213954925537,
    3.000607490539551,
    3.002490758895874,
    3.0004208087921143,
    2.999641180038452,
    3.001188278198242,
    2.9995532035827637,
    3.0004324913024902,
    3.0005433559417725,
    3.0010504722595215,
    3.000831127166748,
    2.999559164047241,
    3.002108573913574,
    2.998635768890381,
    2.9998252391815186,
    2.999145030975342,
    2.9988369941711426,
    2.998891830444336,
    2.998994827270508,
    2.998885154724121,
    2.9991588592529297,
    2.9989778995513916,
    2.9988181591033936,
    2.9985549449920654,
    2.9987282752990723,
    2.9987523555755615,
    2.998636245727539,
    2.998577833175659,
    2.9990901947021484,
    2.998746871948242,
    2.9984424114227295,
    2.99855637550354,
    2.998551607131958,
    2.9984402656555176,
    2.998727321624756,
    2.998648166656494,
    2.998720169067383,
    2.9985909461975098,
    2.998560905456543,
    2.998505115509033,
    2.998737096786499,
    2.9986400604248047,
    2.9986164569854736,
    2.998640537261963,
    2.9986732006073,
    2.998777389526367,
    2.9988276958465576,
    2.998931884765625,
    2.998911142349243
  ],