{
  "accuracy": 0.04773869346733668,
  "f1_score": 0.004350288613330441,
  "precision": 0.002278982853968334,
  "recall": 0.04773869346733668
}