{
  "r2_score": -0.015408593814541405,
  "rmse": 2234.674838324613,
  "mae": 1779.5205353453755,
  "mse": 4993771.633041135
}