{
  "accuracy": [
    0.047910209745168686,
    0.05159560963511467,
    0.04841276630759239,
    0.05310327559709549,
    0.05226568505167961,
    0.055951084941625595,
    0.05084177851676941,
    0.04992042854428291,
    0.049836669117212296,
    0.05419214442372322,
    0.052516959607601166,
    0.052098166197538376,
    0.04899907857179642,
    0.053270794451236725,
    0.0541083849966526,
    0.051763128489255905,
    0.05008794739842415,
    0.052181925624608994,
    0.0550297349691391,
    0.05042298510670662,
    0.04950163513422012,
    0.05494597554206848,
    0.05377334728837013,
    0.053689587861299515,
    0.04925035685300827,
    0.05193064734339714,
    0.055951084941625595,
    0.055197253823280334,
    0.05234944447875023,
    0.0512605756521225,
    0.055197253823280334,
    0.051344335079193115,
    0.052516959607601166,
    0.05385710671544075,
    0.05804506316781044,
    0.055951084941625595,
    0.054443418979644775,
    0.054443418979644775,
    0.05720747262239456
  ],
  "loss": [
    3.390247344970703,
    3.243450164794922,
    3.1699373722076416,
    3.1116018295288086,
    3.079385757446289,
    3.0599365234375,
    3.0460920333862305,
    3.034282922744751,
    3.0282540321350098,
    3.020479440689087,
    3.0157859325408936,
    3.0127084255218506,
    3.0110976696014404,
    3.0097219944000244,
    3.0071184635162354,
    3.0053560733795166,
    3.004667282104492,
    3.003225803375244,
    3.0024349689483643,
    3.0020995140075684,
    3.001016616821289,
    3.0009920597076416,
    3.0004966259002686,
    3.0003252029418945,
    2.999276876449585,
    2.999603509902954,
    2.9991583824157715,
    2.999432325363159,
    2.999603033065796,
    2.998995304107666,
    2.9989571571350098,
    2.9997994899749756,
    2.998244047164917,
    2.996626615524292,
    2.996575117111206,
    2.996706485748291,
    2.9961705207824707,
    2.9962003231048584,
    2.9958677291870117
  ],
  "val_accuracy": [
    0.060050252825021744,
    0.048241205513477325,
    0.04648241028189659,
    0.04924623295664787,
    0.05125628039240837,
    0.05150753632187843,
    0.05326633155345917,
    0.04849246144294739,
    0.047236181795597076,
    0.05150753632187843,
    0.04597989842295647,
    0.04899497330188751,
    0.05100502446293831,
    0.046984925866127014,
    0.0477386936545372,
    0.04849246144294739,
    0.04874371737241745,
    0.05226130783557892,
    0.04874371737241745,
    0.04522613063454628,
    0.04623115435242653,
    0.049748744815588,
    0.04924623295664787,
    0.051758792251348495,
    0.05276381969451904,
    0.05000000074505806,
    0.05100502446293831,
    0.04447236284613609,
    0.051758792251348495,
    0.045728642493486404,
    0.05125628039240837,
    0.045728642493486404,
    0.04547738656401634,
    0.044723618775606155,
    0.05100502446293831,
    0.04497487470507622,
    0.045728642493486404,
    0.04924623295664787,
    0.05000000074505806
  ],
  "val_loss": [
    3.230365514755249,
    3.163707733154297,
    3.1153573989868164,
    3.0828473567962646,
    3.062228202819824,
    3.0470337867736816,
    3.0395216941833496,
    3.0337822437286377,
    3.023707151412964,
    3.019735336303711,
    3.0187854766845703,
    3.0159642696380615,
    3.0120325088500977,
    3.0081558227539062,
    3.0103628635406494,
    3.007136583328247,
    3.005810022354126,
    3.007509231567383,
    3.004274606704712,
    3.004694938659668,
    3.003662109375,
    3.0025904178619385,
    3.0024454593658447,
    3.001322031021118,
    3.0028252601623535,
    3.0021724700927734,
    3.002523183822632,
    3.0018694400787354,
    3.0024831295013428,
    3.0048580169677734,
    3.003931760787964,
    3.002971649169922,
    3.0018293857574463,
    3.0017518997192383,
    3.001354932785034,
    3.0020933151245117,
    3.001400947570801,
    3.0016250610351562,
    3.003373384475708
  ],
  "learning_rate": [
    0.0010000000474974513,
    0.0010000000474974513,
    0.0010000000474974513,
    0.0010000000474974513,
    0.0010000000474974513,
    0.0010000000474974513,
    0.0010000000474974513,
    0.0010000000474974513,
    0.0010000000474974513,
    0.0010000000474974513,
    0.0010000000474974513,
    0.0010000000474974513,
    0.0010000000474974513,
    0.0010000000474974513,
    0.0010000000474974513,
    0.0010000000474974513,
    0.0010000000474974513,
    0.0010000000474974513,
    0.0010000000474974513,
    0.0010000000474974513,
    0.0010000000474974513,
    0.0010000000474974513,
    0.0010000000474974513,
    0.0010000000474974513,
    0.0010000000474974513,
    0.0010000000474974513,
    0.0010000000474974513,
    0.0010000000474974513,
    0.0010000000474974513,
    0.0010000000474974513,
    0.0010000000474974513,
    0.0010000000474974513,
    0.0005000000237487257,
    0.0005000000237487257,
    0.0005000000237487257,
    0.0005000000237487257,
    0.0005000000237487257,
    0.0005000000237487257,
    0.0005000000237487257
  ]
}