{
  "loss": [
    5901499.0,
    5897210.0,
    5894760.0,
    5891120.0,
    5888394.5,
    5885789.0,
    5886589.0,
    5883495.0,
    5882893.0,
    5880696.5,
    5880471.0,
    5876970.0,
    5877497.0,
    5875299.0,
    5875495.0,
    5875377.0,
    5871774.0,
    5872752.0,
    5870856.5,
    5869664.0,
    5870487.0,
    5869456.5,
    5866511.5,
    5869229.5,
    5869160.5,
    5866593.0,
    5865806.0,
    5864461.0,
    5863679.0,
    5864415.0,
    5861978.5,
    5860824.0,
    5862349.0,
    5858761.5,
    5858712.5,
    5861002.5,
    5857819.0,
    5857426.5,
    5858241.0,
    5856465.0,
    5854996.5,
    5857181.5,
    5853203.0,
    5852661.0,
    5851974.5,
    5851389.0,
    5853382.5,
    5854150.5,
    5851815.5,
    5850825.0,
    5850027.5,
    5848289.0,
    5846642.0,
    5848510.0,
    5850202.0,
    5845774.0,
    5850312.5,
    5844438.0,
    5845214.0,
    5845362.5,
    5846412.5,
    5843819.5,
    5837098.5,
    5842675.0,
    5842944.0,
    5842426.5,
    5838951.5,
    5838813.5,
    5837046.5,
    5835966.5,
    5836341.5,
    5838398.5,
    5832808.5,
    5836031.0,
    5833787.0
  ],
  "mae": [
    1714.44091796875,
    1713.5909423828125,
    1713.0159912109375,
    1712.52880859375,
    1712.1549072265625,
    1711.7947998046875,
    1711.796875,
    1711.4415283203125,
    1711.18505859375,
    1710.951904296875,
    1711.000244140625,
    1710.3878173828125,
    1710.42822265625,
    1710.17626953125,
    1710.1773681640625,
    1710.22607421875,
    1710.0145263671875,
    1709.9808349609375,
    1709.607421875,
    1709.7740478515625,
    1709.7752685546875,
    1709.6939697265625,
    1709.45361328125,
    1709.5067138671875,
    1709.8499755859375,
    1709.3778076171875,
    1709.1783447265625,
    1708.995361328125,
    1709.000244140625,
    1708.99072265625,
    1708.6781005859375,
    1708.7706298828125,
    1708.8834228515625,
    1708.47998046875,
    1708.4503173828125,
    1708.73046875,
    1708.569580078125,
    1708.444580078125,
    1708.40966796875,
    1708.266357421875,
    1707.98779296875,
    1707.8890380859375,
    1707.8377685546875,
    1707.647705078125,
    1707.7025146484375,
    1707.8795166015625,
    1707.4207763671875,
    1707.64404296875,
    1707.0401611328125,
    1707.692138671875,
    1707.54296875,
    1707.3419189453125,
    1706.921630859375,
    1706.9569091796875,
    1706.843017578125,
    1706.9349365234375,
    1707.3070068359375,
    1706.69580078125,
    1706.6607666015625,
    1706.0994873046875,
    1706.94921875,
    1706.1895751953125,
    1705.5767822265625,
    1706.55419921875,
    1706.391357421875,
    1706.0196533203125,
    1705.7635498046875,
    1705.62841796875,
    1705.4674072265625,
    1705.235107421875,
    1705.1549072265625,
    1705.80078125,
    1705.1041259765625,
    1704.733642578125,
    1705.224853515625
  ],
  "mse": [
    5901499.0,
    5897210.0,
    5894760.0,
    5891120.0,
    5888394.5,
    5885789.0,
    5886589.0,
    5883495.0,
    5882893.0,
    5880696.5,
    5880471.0,
    5876970.0,
    5877497.0,
    5875299.0,
    5875495.0,
    5875376.5,
    5871774.0,
    5872752.0,
    5870856.5,
    5869664.0,
    5870486.5,
    5869456.5,
    5866511.5,
    5869229.0,
    5869160.5,
    5866593.0,
    5865806.0,
    5864461.0,
    5863679.0,
    5864415.0,
    5861978.5,
    5860824.0,
    5862349.0,
    5858761.5,
    5858712.5,
    5861002.5,
    5857819.0,
    5857426.5,
    5858241.0,
    5856465.0,
    5854996.5,
    5857181.5,
    5853203.0,
    5852661.0,
    5851974.5,
    5851389.0,
    5853382.5,
    5854150.5,
    5851815.5,
    5850825.0,
    5850027.5,
    5848289.0,
    5846642.0,
    5848510.0,
    5850201.5,
    5845774.0,
    5850312.5,
    5844438.0,
    5845214.0,
    5845362.5,
    5846412.5,
    5843819.5,
    5837098.5,
    5842675.0,
    5842944.0,
    5842426.5,
    5838951.5,
    5838813.5,
    5837046.5,
    5835966.5,
    5836341.5,
    5838398.5,
    5832808.5,
    5836030.5,
    5833787.0
  ],
  "val_loss": [
    8117425.5,
    8116286.5,
    8115065.5,
    8113792.0,
    8112437.0,
    8111061.5,
    8109714.5,
    8108323.0,
    8107002.5,
    8105721.5,
    8104537.5,
    8103395.0,
    8102369.5,
    8101469.0,
    8100696.0,
    8099964.0,
    8099289.5,
    8098709.0,
    8098245.5,
    8097818.5,
    8097359.0,
    8096947.0,
    8096609.0,
    8096239.0,
    8095813.0,
    8095576.0,
    8095446.5,
    8095217.0,
    8095041.5,
    8094870.5,
    8094763.0,
    8094621.0,
    8094584.0,
    8094448.0,
    8094417.0,
    8094216.0,
    8094134.5,
    8093980.0,
    8093689.5,
    8093530.5,
    8093285.0,
    8092939.0,
    8092584.0,
    8092297.5,
    8091967.0,
    8091688.0,
    8091347.0,
    8091021.5,
    8090665.5,
    8090333.0,
    8089995.0,
    8089687.0,
    8089446.5,
    8089143.0,
    8088738.5,
    8088306.5,
    8087949.0,
    8087686.5,
    8087409.0,
    8087032.0,
    8086627.0,
    8086301.0,
    8086062.5,
    8085571.0,
    8085173.5,
    8084781.5,
    8084379.0,
    8083932.0,
    8083385.0,
    8082894.5,
    8082397.5,
    8081885.0,
    8081309.0,
    8080658.5,
    8080138.5
  ],
  "val_mae": [
    2243.049560546875,
    2242.87744140625,
    2242.69775390625,
    2242.503662109375,
    2242.30029296875,
    2242.09521484375,
    2241.899169921875,
    2241.698486328125,
    2241.51171875,
    2241.32470703125,
    2241.1591796875,
    2241.002685546875,
    2240.867919921875,
    2240.75146484375,
    2240.65673828125,
    2240.56982421875,
    2240.487548828125,
    2240.42431640625,
    2240.3779296875,
    2240.33837890625,
    2240.297607421875,
    2240.2587890625,
    2240.231689453125,
    2240.19677734375,
    2240.150146484375,
    2240.13330078125,
    2240.14111328125,
    2240.14013671875,
    2240.14501953125,
    2240.154052734375,
    2240.176513671875,
    2240.19482421875,
    2240.227783203125,
    2240.24462890625,
    2240.2783203125,
    2240.27880859375,
    2240.300048828125,
    2240.2958984375,
    2240.273681640625,
    2240.26708984375,
    2240.249755859375,
    2240.21826171875,
    2240.181396484375,
    2240.156494140625,
    2240.1259765625,
    2240.096923828125,
    2240.057861328125,
    2240.017578125,
    2239.973876953125,
    2239.94189453125,
    2239.916015625,
    2239.892333984375,
    2239.875,
    2239.8515625,
    2239.8154296875,
    2239.77587890625,
    2239.74658203125,
    2239.725341796875,
    2239.701904296875,
    2239.6630859375,
    2239.621337890625,
    2239.59326171875,
    2239.585205078125,
    2239.52783203125,
    2239.481201171875,
    2239.42724609375,
    2239.374267578125,
    2239.315185546875,
    2239.225830078125,
    2239.15869140625,
    2239.115478515625,
    2239.07275390625,
    2239.017578125,
    2238.953857421875,
    2238.920166015625
  ],
  "val_mse": [
    8117425.5,
    8116286.5,
    8115065.5,
    8113792.0,
    8112437.0,
    8111061.5,
    8109714.5,
    8108323.0,
    8107002.5,
    8105721.5,
    8104537.5,
    8103395.0,
    8102369.5,
    8101469.0,
    8100696.0,
    8099964.0,
    8099289.5,
    8098709.0,
    8098245.5,
    8097818.5,
    8097359.0,
    8096947.0,
    8096609.0,
    8096239.0,
    8095813.0,
    8095576.0,
    8095446.5,
    8095217.0,
    8095041.5,
    8094870.5,
    8094763.0,
    8094621.0,
    8094584.0,
    8094448.0,
    8094417.0,
    8094216.0,
    8094134.5,
    8093980.0,
    8093689.5,
    8093530.5,
    8093285.0,
    8092939.0,
    8092584.0,
    8092297.5,
    8091967.0,
    8091688.0,
    8091347.0,
    8091021.5,
    8090665.5,
    8090333.0,
    8089995.0,
    8089687.0,
    8089446.5,
    8089143.0,
    8088738.5,
    8088306.5,
    8087949.0,
    8087686.5,
    8087409.0,
    8087032.0,
    8086627.0,
    8086301.0,
    8086062.5,
    8085571.0,
    8085173.5,
    8084781.5,
    8084379.0,
    8083932.0,
    8083385.0,
    8082894.5,
    8082397.5,
    8081885.0,
    8081309.0,
    8080658.5,
    8080138.5
  ],