{
  "accuracy": [
    0.16867469251155853,
    0.1951807290315628,
    0.23614457249641418,
    0.2506024241447449,
    0.26024097204208374,
    0.26024097204208374,
    0.2867469787597656,
    0.27469879388809204,
    0.26265060901641846,
    0.2867469787597656,
    0.32289156317710876,
    0.2819277048110962,
    0.32048192620277405,
    0.31807228922843933,
    0.27469879388809204,
    0.2987951934337616,
    0.2843373417854309,
    0.2867469787597656,
    0.3132530152797699,
    0.2987951934337616,
    0.30361446738243103,
    0.3132530152797699,
    0.30843374133110046,
    0.29156625270843506,
    0.2867469787597656,
    0.33493974804878235,
    0.31807228922843933,
    0.2987951934337616,
    0.3108433783054352,
    0.32289156317710876,
    0.30361446738243103,
    0.2987951934337616,
    0.32289156317710876,
    0.30843374133110046,
    0.3421686887741089,
    0.27469879388809204,
    0.3301204741001129,
    0.31807228922843933,
    0.32289156317710876,
    0.33253011107444763,
    0.36385542154312134,
    0.33253011107444763,
    0.3132530152797699,
    0.3253012001514435,
    0.31807228922843933,
    0.3397590219974518,
    0.3397590219974518,
    0.33253011107444763,
    0.36626505851745605,
    0.3445783257484436,
    0.33734938502311707,
    0.38072288036346436,
    0.3710843324661255,
    0.30843374133110046,
    0.33253011107444763,
    0.35180723667144775,
    0.3566265106201172,
    0.35180723667144775,
    0.33493974804878235,
    0.36867469549179077,
    0.3132530152797699,
    0.33734938502311707,
    0.3253012001514435,
    0.3469879627227783,
    0.3397590219974518,
    0.3397590219974518,
    0.38072288036346436,
    0.3710843324661255,
    0.34939759969711304,
    0.3301204741001129,
    0.35180723667144775,
    0.34939759969711304,
    0.33734938502311707,
    0.33493974804878235,
    0.35421687364578247,
    0.3469879627227783,
    0.3614457845687866,
    0.33493974804878235,
    0.3301204741001129,
    0.36867469549179077,
    0.33734938502311707,
    0.3469879627227783,
    0.3397590219974518,
    0.35421687364578247,
    0.3469879627227783,
    0.3469879627227783,
    0.3855421543121338,
    0.3614457845687866,
    0.39759036898612976,
    0.35180723667144775,
    0.3759036064147949,
    0.36385542154312134,
    0.31807228922843933,
    0.37831324338912964,
    0.34939759969711304,
    0.3734939694404602,
    0.36867469549179077
  ],
  "loss": [
    2.3851771354675293,
    2.217299222946167,
    2.0738930702209473,
    2.0411651134490967,
    2.0228543281555176,
    2.0124351978302,
    1.980481505393982,
    1.9637377262115479,
    1.9754382371902466,
    1.9896764755249023,
    1.9256688356399536,
    1.9349470138549805,
    1.927402377128601,
    1.8736906051635742,
    1.9183018207550049,
    1.9092508554458618,
    1.8981828689575195,
    1.9044383764266968,
    1.8711692094802856,
    1.8957096338272095,
    1.8742191791534424,
    1.8581712245941162,
    1.8412716388702393,
    1.8642982244491577,
    1.9336332082748413,
    1.8031412363052368,
    1.8060046434402466,
    1.842437505722046,
    1.827362298965454,
    1.8229999542236328,
    1.7971171140670776,
    1.8213821649551392,
    1.8114070892333984,
    1.840445876121521,
    1.8033323287963867,
    1.8127415180206299,
    1.8090126514434814,
    1.7936122417449951,
    1.8084523677825928,
    1.7762078046798706,
    1.8018133640289307,
    1.7612686157226562,
    1.7798652648925781,
    1.7357007265090942,
    1.7568550109863281,
    1.745443344116211,
    1.7270128726959229,
    1.7441834211349487,
    1.7125548124313354,
    1.7490347623825073,
    1.7429025173187256,
    1.6971744298934937,
    1.7463937997817993,
    1.753989815711975,
    1.7667901515960693,
    1.7156002521514893,
    1.7189182043075562,
    1.7231626510620117,
    1.7494720220565796,
    1.7173147201538086,
    1.7623121738433838,
    1.7071510553359985,
    1.7296429872512817,
    1.715608835220337,
    1.7077393531799316,
    1.7164223194122314,
    1.668960452079773,
    1.7195212841033936,
    1.7136119604110718,
    1.6986545324325562,
    1.6928396224975586,
    1.6937391757965088,
    1.6981401443481445,
    1.7166024446487427,
    1.6685744524002075,
    1.6967251300811768,
    1.6876451969146729,
    1.6798994541168213,
    1.698574185371399,
    1.6536822319030762,
    1.7146286964416504,
    1.6591285467147827,
    1.7043523788452148,
    1.7076376676559448,
    1.6920212507247925,
    1.6880426406860352,
    1.6381070613861084,
    1.662163257598877,
    1.659853458404541,
    1.6895543336868286,
    1.6532739400863647,
    1.6841000318527222,
    1.6889468431472778,
    1.6351984739303589,
    1.6467465162277222,
    1.6841391324996948,
    1.6769658327102661
  ],
  "val_accuracy": [
    0.28776979446411133,
    0.2374100685119629,
    0.26618704199790955,
    0.23021583259105682,
    0.2733812928199768,
    0.2589927911758423,
    0.24460431933403015,
    0.2733812928199768,
    0.28057554364204407,
    0.2949640154838562,
    0.28776979446411133,
    0.28776979446411133,
    0.28057554364204407,
    0.3309352397918701,
    0.32374101877212524,
    0.32374101877212524,
    0.26618704199790955,
    0.26618704199790955,
    0.2733812928199768,
    0.32374101877212524,
    0.28776979446411133,
    0.3093525171279907,
    0.30215826630592346,
    0.26618704199790955,
    0.28057554364204407,
    0.30215826630592346,
    0.32374101877212524,
    0.2517985701560974,
    0.2589927911758423,
    0.28057554364204407,
    0.26618704199790955,
    0.2517985701560974,
    0.26618704199790955,
    0.2733812928199768,
    0.2733812928199768,
    0.2589927911758423,
    0.2517985701560974,
    0.2733812928199768,
    0.2589927911758423,
    0.2733812928199768,
    0.2589927911758423,
    0.2733812928199768,
    0.24460431933403015,
    0.2374100685119629,
    0.23021583259105682,
    0.22302158176898956,
    0.24460431933403015,
    0.24460431933403015,
    0.2517985701560974,
    0.23021583259105682,
    0.24460431933403015,
    0.2589927911758423,
    0.2589927911758423,
    0.2589927911758423,
    0.26618704199790955,
    0.28057554364204407,
    0.3093525171279907,
    0.30215826630592346,
    0.30215826630592346,
    0.28057554364204407,
    0.28057554364204407,
    0.24460431933403015,
    0.26618704199790955,
    0.2517985701560974,
    0.2589927911758423,
    0.28057554364204407,
    0.2517985701560974,
    0.24460431933403015,
    0.2517985701560974,
    0.2589927911758423,
    0.2589927911758423,
    0.26618704199790955,
    0.2733812928199768,
    0.28057554364204407,
    0.28057554364204407,
    0.28776979446411133,
    0.26618704199790955,
    0.26618704199790955,
    0.2517985701560974,
    0.24460431933403015,
    0.2589927911758423,
    0.28057554364204407,
    0.2517985701560974,
    0.2517985701560974,
    0.26618704199790955,
    0.2517985701560974,
    0.26618704199790955,
    0.24460431933403015,
    0.2589927911758423,
    0.2374100685119629,
    0.24460431933403015,
    0.2517985701560974,
    0.2517985701560974,
    0.2589927911758423,
    0.2517985701560974,
    0.2517985701560974,
    0.2589927911758423
  ],