{
  "loss": [
    12451.3232421875,
    12332.48828125,
    12303.4912109375,
    12206.2919921875,
    12208.1376953125,
    12128.193359375,
    12085.1875,
    12058.7724609375,
    12024.462890625,
    12019.7998046875,
    11971.119140625,
    11976.189453125,
    11942.2197265625,
    11918.181640625,
    11893.3837890625,
    11895.42578125,
    11842.94140625,
    11815.1083984375,
    11852.4892578125,
    11819.92578125,
    11775.93359375,
    11755.8642578125,
    11725.974609375,
    11736.2958984375,
    11701.4580078125,
    11683.1474609375,
    11652.01171875,
    11632.2197265625,
    11639.1982421875,
    11644.8291015625,
    11609.9560546875,
    11565.16015625,
    11573.9873046875,
    11548.03125,
    11503.9482421875,
    11534.9814453125,
    11494.912109375,
    11514.7783203125,
    11463.4189453125,
    11436.16015625,
    11373.0673828125,
    11361.693359375,
    11357.77734375,
    11322.587890625,
    11307.9892578125,
    11270.798828125,
    11275.5419921875,
    11240.2646484375,
    11275.6044921875,
    11273.9716796875
  ],
  "mae": [
    101.51589965820312,
    101.36701965332031,
    101.37916564941406,
    101.2847671508789,
    101.30596160888672,
    101.17346954345703,
    101.07566833496094,
    100.93743133544922,
    100.855712890625,
    100.94075012207031,
    100.73612976074219,
    100.78423309326172,
    100.6764144897461,
    100.63900756835938,
    100.44535827636719,
    100.52268981933594,
    100.38809967041016,
    100.18245697021484,
    100.31442260742188,
    100.24927520751953,
    100.0685043334961,
    99.94023895263672,
    99.835205078125,
    99.862548828125,
    99.71265411376953,
    99.62053680419922,
    99.57772064208984,
    99.48783874511719,
    99.4646987915039,
    99.51251983642578,
    99.31322479248047,
    99.23753356933594,
    99.17350006103516,
    99.04744720458984,
    98.98133850097656,
    99.03907775878906,
    98.94505310058594,
    98.89778900146484,
    98.73863983154297,
    98.68378448486328,
    98.42142486572266,
    98.28446960449219,
    98.33517456054688,
    98.25749969482422,
    98.06217193603516,
    98.00049591064453,
    98.04539489746094,
    97.91349792480469,
    97.99153137207031,
    97.98711395263672
  ],
  "mse": [
    12451.060546875,
    12332.2275390625,
    12303.2294921875,
    12206.029296875,
    12207.875,
    12127.931640625,
    12084.9248046875,
    12058.5107421875,
    12024.2001953125,
    12019.53515625,
    11970.8564453125,
    11975.92578125,
    11941.9560546875,
    11917.9169921875,
    11893.119140625,
    11895.162109375,
    11842.6767578125,
    11814.8447265625,
    11852.2255859375,
    11819.66015625,
    11775.6669921875,
    11755.5986328125,
    11725.7080078125,
    11736.029296875,
    11701.19140625,
    11682.8837890625,
    11651.74609375,
    11631.9541015625,
    11638.9326171875,
    11644.564453125,
    11609.69140625,
    11564.89453125,
    11573.7216796875,
    11547.765625,
    11503.681640625,
    11534.71484375,
    11494.6474609375,
    11514.51171875,
    11463.154296875,
    11435.8935546875,
    11372.80078125,
    11361.4267578125,
    11357.5107421875,
    11322.3212890625,
    11307.72265625,
    11270.5322265625,
    11275.275390625,
    11239.998046875,
    11275.337890625,
    11273.705078125
  ],
  "val_loss": [
    14320.150390625,
    14298.470703125,
    14276.099609375,
    14254.2470703125,
    14232.408203125,
    14210.974609375,
    14189.064453125,
    14171.173828125,
    14153.5185546875,
    14136.4375,
    14119.1748046875,
    14102.541015625,
    14086.15625,
    14070.7265625,
    14055.4404296875,
    14043.005859375,
    14029.076171875,
    14016.353515625,
    14005.5966796875,
    13994.708984375,
    13982.4111328125,
    13974.162109375,
    13963.328125,
    13952.828125,
    13942.146484375,
    13933.3203125,
    13924.548828125,
    13915.7294921875,
    13905.955078125,
    13897.3076171875,
    13889.990234375,
    13881.8125,
    13874.572265625,
    13866.337890625,
    13857.732421875,
    13850.4091796875,
    13843.205078125,
    13835.783203125,
    13829.8701171875,
    13825.541015625,
    13818.3310546875,
    13809.8251953125,
    13800.912109375,
    13791.662109375,
    13781.990234375,
    13774.4814453125,
    13768.490234375,
    13763.623046875,
    13756.318359375,
    13749.3935546875
  ],
  "val_mae": [
    113.41813659667969,
    113.3713150024414,
    113.3159408569336,
    113.25799560546875,
    113.1977310180664,
    113.1368637084961,
    113.07049560546875,
    113.01776123046875,
    112.96318054199219,
    112.9084243774414,
    112.8509292602539,
    112.79539489746094,
    112.7389907836914,
    112.68516540527344,
    112.6306381225586,
    112.5855712890625,
    112.53489685058594,
    112.48746490478516,
    112.446044921875,
    112.40423583984375,
    112.35652923583984,
    112.32371520996094,
    112.2819595336914,
    112.24114990234375,
    112.19917297363281,
    112.1650390625,
    112.1310806274414,
    112.09747314453125,
    112.0599594116211,
    112.02735900878906,
    111.99903869628906,
    111.96775817871094,
    111.94068908691406,
    111.91017150878906,
    111.87833404541016,
    111.85057067871094,
    111.82356262207031,
    111.7960433959961,
    111.77362060546875,
    111.75779724121094,
    111.73149108886719,
    111.70098876953125,
    111.6693344116211,
    111.63569641113281,
    111.60099792480469,
    111.57441711425781,
    111.5539779663086,
    111.53779602050781,
    111.5123519897461,
    111.48756408691406
  ],
  "val_mse": [
    14319.8876953125,
    14298.2080078125,
    14275.837890625,
    14253.984375,
    14232.1455078125,
    14210.712890625,
    14188.8017578125,
    14170.9111328125,
    14153.2548828125,
    14136.173828125,
    14118.9111328125,
    14102.2763671875,
    14085.892578125,
    14070.462890625,
    14055.1767578125,
    14042.7421875,
    14028.8125,
    14016.0888671875,
    14005.3310546875,
    13994.443359375,
    13982.1455078125,
    13973.896484375,
    13963.0625,
    13952.5625,
    13941.880859375,
    13933.0546875,
    13924.283203125,
    13915.4638671875,
    13905.689453125,
    13897.0419921875,
    13889.724609375,
    13881.546875,
    13874.306640625,
    13866.072265625,
    13857.466796875,
    13850.1435546875,
    13842.939453125,
    13835.517578125,
    13829.6044921875,
    13825.2734375,
    13818.064453125,
    13809.5576171875,
    13800.646484375,
    13791.3955078125,
    13781.724609375,
    13774.2138671875,
    13768.224609375,
    13763.357421875,
    13756.0517578125,
    13749.126953125
  ],