{
  "r2_score": -4.32096812924438,
  "rmse": 105.43330045781546,
  "mae": 95.90390831641852,
  "mse": 11116.180845427989
}