{
  "accuracy": 0.05025125628140704,
  "f1_score": 0.00480873265850785,
  "precision": 0.0025251887578596503,
  "recall": 0.05025125628140704
}