{
  "accuracy": [
    0.566546618938446,
    0.6070022583007812,
    0.6204037070274353,
    0.6158807277679443,
    0.6165508031845093,
    0.6122790575027466,
    0.6133679747581482,
    0.6104363799095154,
    0.6196498870849609,
    0.6133679747581482,
    0.612614095211029,
    0.6172208786010742,
    0.6156294345855713,
    0.619901180267334,
    0.6214925646781921,
    0.6190635561943054,
    0.6142892837524414,
    0.6218276023864746,
    0.6183934807777405,
    0.6162157654762268,
    0.6138705015182495,
    0.6214925646781921,
    0.6137030124664307,
    0.6172208786010742,
    0.6148756146430969,
    0.6212413311004639,
    0.6203199625015259,
    0.6208224892616272,
    0.619231104850769,
    0.6159644722938538,
    0.6199849247932434,
    0.6173883676528931,
    0.6195661425590515,
    0.6202362179756165,
    0.6209062933921814,
    0.6125303506851196,
    0.6212413311004639,
    0.6202362179756165,
    0.614456832408905,
    0.6185610294342041,
    0.619231104850769,
    0.6178072094917297,
    0.614205539226532,
    0.6196498870849609,
    0.6134517192840576,
    0.6141217947006226,
    0.6203199625015259,
    0.6220788955688477,
    0.6166345477104187,
    0.6106876730918884,
    0.6175559163093567,
    0.6121953129768372,
    0.6185610294342041,
    0.6220788955688477,
    0.6259317994117737,
    0.6249266862869263,
    0.6213250756263733,
    0.6188123226165771,
    0.6203199625015259,
    0.6216601133346558,
    0.6202362179756165,
    0.6206550002098083,
    0.6240053772926331,
    0.6241728663444519,
    0.6212413311004639,
    0.6223301887512207,
    0.6157969832420349,
    0.6250104904174805,
    0.6165508031845093,
    0.6182259917259216,
    0.6240891218185425,
    0.6216601133346558,
    0.6255130171775818,
    0.6194823980331421,
    0.6178072094917297,
    0.6224139332771301,
    0.6179746985435486,
    0.6215763688087463,
    0.6209900379180908,
    0.6261830925941467,
    0.6211575269699097,
    0.6245079040527344,
    0.6209062933921814,
    0.6215763688087463,
    0.6315436959266663,
    0.6255967617034912,
    0.6221626400947571,
    0.6213250756263733,
    0.6240891218185425,
    0.6260993480682373,
    0.6211575269699097,
    0.62375408411026,
    0.6262668371200562,
    0.6254292726516724,
    0.6278582811355591,
    0.6311249136924744,
    0.6251779794692993,
    0.6242566108703613,
    0.6257643103599548,
    0.6259317994117737
  ],
  "loss": [
    1.594708800315857,
    1.1603974103927612,
    1.0545419454574585,
    0.9895322322845459,
    0.9516916275024414,
    0.9199159741401672,
    0.9001628160476685,
    0.884640097618103,
    0.8681106567382812,
    0.8639774322509766,
    0.849507212638855,
    0.8432613611221313,
    0.8380606770515442,
    0.8210728168487549,
    0.8333858847618103,
    0.8225711584091187,
    0.8186464905738831,
    0.8215646147727966,
    0.8179373741149902,
    0.8085352778434753,
    0.8103744387626648,
    0.7994492053985596,
    0.8092051148414612,
    0.7958322763442993,
    0.7994305491447449,
    0.7993782758712769,
    0.7924829721450806,
    0.7886738777160645,
    0.7929129600524902,
    0.7926449775695801,
    0.7913892865180969,
    0.7853568196296692,
    0.7860096096992493,
    0.778023898601532,
    0.7832645773887634,
    0.7834144234657288,
    0.7760507464408875,
    0.7786678671836853,
    0.7777954339981079,
    0.777217447757721,
    0.777399480342865,
    0.7785550951957703,
    0.7773199677467346,
    0.7703825235366821,
    0.7742506265640259,
    0.7714911103248596,
    0.7806469202041626,
    0.7761650085449219,
    0.7684701681137085,
    0.7718225121498108,
    0.7746807932853699,
    0.773135244846344,
    0.7535505890846252,
    0.7457107901573181,
    0.7411645650863647,
    0.7412632703781128,
    0.7444270849227905,
    0.739232063293457,
    0.7371379137039185,
    0.7365540266036987,
    0.7330718040466309,
    0.7330914735794067,
    0.7369809150695801,
    0.7373009324073792,
    0.7339296340942383,
    0.7316443920135498,
    0.7344523072242737,
    0.7297863364219666,
    0.733642041683197,
    0.730929970741272,
    0.732741117477417,
    0.7302823662757874,
    0.7287373542785645,
    0.729282557964325,
    0.7269939184188843,
    0.7333369255065918,
    0.7277223467826843,
    0.729313850402832,
    0.7296162843704224,
    0.7269845604896545,
    0.7275098562240601,
    0.7224714756011963,
    0.7295178174972534,
    0.7256351113319397,
    0.722815990447998,
    0.7273193597793579,
    0.7244200110435486,
    0.7266963720321655,
    0.7234718203544617,
    0.7177861332893372,
    0.7150656580924988,
    0.7101867198944092,
    0.7099670767784119,
    0.7096108794212341,
    0.7127671837806702,
    0.707819938659668,
    0.7073382139205933,
    0.7088004946708679,
    0.7063881754875183,
    0.7032787203788757
  ],
  "val_accuracy": [
    0.622864305973053,
    0.6168341636657715,
    0.6248743534088135,
    0.6226130723953247,
    0.6291457414627075,
    0.6248743534088135,
    0.6258794069290161,
    0.623115599155426,
    0.623115599155426,
    0.6251256465911865,
    0.6248743534088135,
    0.6354271173477173,
    0.6238693594932556,
    0.6243718862533569,
    0.6298995018005371,
    0.6238693594932556,
    0.6236180663108826,
    0.6226130723953247,
    0.6326633095741272,
    0.6216080188751221,
    0.6276381611824036,
    0.6298995018005371,
    0.627135694026947,
    0.6236180663108826,
    0.6273869276046753,
    0.6238693594932556,
    0.623115599155426,
    0.619095504283905,
    0.6211055517196655,
    0.6273869276046753,
    0.6298995018005371,
    0.6354271173477173,
    0.6331658363342285,
    0.6256281137466431,
    0.6243718862533569,
    0.6298995018005371,
    0.6226130723953247,
    0.6258794069290161,
    0.6243718862533569,
    0.6321607828140259,
    0.6236180663108826,
    0.6266331672668457,
    0.6293969750404358,
    0.6296482682228088,
    0.6251256465911865,
    0.6366834044456482,
    0.6246231198310852,
    0.6256281137466431,
    0.6243718862533569,
    0.6334170699119568,
    0.618844211101532,
    0.6286432147026062,
    0.6261306405067444,
    0.626884400844574,
    0.6163316369056702,
    0.6364321708679199,
    0.631155788898468,
    0.6346733570098877,
    0.623115599155426,
    0.6304020285606384,
    0.6198492646217346,
    0.6208542585372925,
    0.6273869276046753,
    0.6329145431518555,
    0.6221105456352234,
    0.6243718862533569,
    0.6314070224761963,
    0.6319095492362976,
    0.6236180663108826,
    0.6319095492362976,
    0.6243718862533569,
    0.6321607828140259,
    0.6198492646217346,
    0.6304020285606384,
    0.6241205930709839,
    0.6218593120574951,
    0.6261306405067444,
    0.6211055517196655,
    0.6193467378616333,
    0.6314070224761963,
    0.6314070224761963,
    0.6211055517196655,
    0.6301507353782654,
    0.6193467378616333,
    0.6266331672668457,
    0.6206030249595642,
    0.6288944482803345,
    0.6336683630943298,
    0.6261306405067444,
    0.6278894543647766,
    0.6193467378616333,
    0.6198492646217346,
    0.6198492646217346,
    0.627135694026947,
    0.6193467378616333,
    0.6256281137466431,
    0.6241205930709839,
    0.618844211101532,
    0.623115599155426,
    0.6248743534088135
  ],