{
  "accuracy": 0.2302158273381295,
  "f1_score": 0.22742838005441787,
  "precision": 0.22949065088294882,
  "recall": 0.2302158273381295
}